{
  "project_info": {
    "project_number": "649248528651",
    "project_id": "coinracer-6ca3b",
    "storage_bucket": "coinracer-6ca3b.appspot.com"
  },
  "client": [
    {
      "client_info": {
        "mobilesdk_app_id": "1:649248528651:android:cea95a19ebabd9a6d4ea0e",
        "android_client_info": {
          "package_name": "com.game.CoinRacer"
        }
      },
      "oauth_client": [
        {
          "client_id": "649248528651-oam1s0ggjqsqdae3agdiskc66267fgma.apps.googleusercontent.com",
          "client_type": 3
        }
      ],
      "api_key": [
        {
          "current_key": "AIzaSyCTNogBs6dw4pmimPkezu3f2ZS0zu38Xi0"
        }
      ],
      "services": {
        "appinvite_service": {
          "other_platform_oauth_client": [
            {
              "client_id": "649248528651-oam1s0ggjqsqdae3agdiskc66267fgma.apps.googleusercontent.com",
              "client_type": 3
            }
          ]
        }
      }
    }
  ],
  "configuration_version": "1"
}